{"cameraMode":{"drawMode":0,"name":"Shaded","section":"Shading Mode"},"sceneLighting":true,"audioPlay":false,"sceneViewState":{"m_AlwaysRefresh":false,"showFog":true,"showSkybox":true,"showFlares":true,"showImageEffects":true,"showParticleSystems":true,"showVisualEffectGraphs":true,"m_FxEnabled":true},"in2DMode":false,"pivot":{"x":-0.792471170425415,"y":3.028142213821411,"z":17.853660583496095},"rotation":{"x":-0.0000180557144631166,"y":-0.704796314239502,"z":-0.0000033356302537868034,"w":-0.7094678282737732},"size":0.9049965143203735,"orthographic":false}